{
	"class_name" : "PoseGraph",
	"edges" : 
	[
		{
			"class_name" : "PoseGraphEdge",
			"confidence" : 1.0,
			"information" : 
			[
				1875.4377663102437,
				133.38952082563102,
				683.19563375539451,
				0.0,
				-1019.2553624545574,
				210.02695342210825,
				133.38952082563102,
				2048.0336152041632,
				-351.87315826338886,
				1019.2553624545574,
				0.0,
				406.58127550023738,
				683.19563375539451,
				-351.87315826338886,
				379.21924412981878,
				-210.02695342210825,
				-406.58127550023738,
				0.0,
				0.0,
				1019.2553624545574,
				-210.02695342210825,
				608.0,
				0.0,
				0.0,
				-1019.2553624545574,
				0.0,
				-406.58127550023738,
				0.0,
				608.0,
				0.0,
				210.02695342210825,
				406.58127550023738,
				0.0,
				0.0,
				0.0,
				608.0
			],
			"source_node_id" : 0,
			"target_node_id" : 1,
			"transformation" : 
			[
				0.94426314976070402,
				-0.2070986716470499,
				-0.25588521685713,
				0.0,
				0.12781713385749763,
				0.94698291114116351,
				-0.29476456079226793,
				0.0,
				0.30336427656605791,
				0.24562879759635733,
				0.92067182507934275,
				0.0,
				0.07686250797761518,
				0.34200167072874499,
				0.58256272372841367,
				1.0
			],
			"uncertain" : false,
			"version_major" : 1,
			"version_minor" : 0
		}
	],
	"nodes" : 
	[
		{
			"class_name" : "PoseGraphNode",
			"pose" : 
			[
				1.0,
				0.0,
				0.0,
				0.0,
				0.0,
				1.0,
				0.0,
				0.0,
				0.0,
				0.0,
				1.0,
				0.0,
				0.0,
				0.0,
				0.0,
				1.0
			],
			"version_major" : 1,
			"version_minor" : 0
		},
		{
			"class_name" : "PoseGraphNode",
			"pose" : 
			[
				0.94426314976070558,
				0.12781713385749674,
				0.30336427656605713,
				0.0,
				-0.20709867164705076,
				0.94698291114116651,
				0.24562879759635442,
				0.0,
				-0.25588521685712834,
				-0.29476456079226915,
				0.92067182507933532,
				0.0,
				0.14731884672166937,
				-0.16197523783889348,
				-0.64367188436295519,
				1.0
			],
			"version_major" : 1,
			"version_minor" : 0
		}
	],
	"version_major" : 1,
	"version_minor" : 0
}