{
	"class_name" : "PinholeCameraParameters",
	"extrinsic" : 
	[
		0.97229799037222886,
		0.031090911414160288,
		-0.23166780774540546,
		0.0,
		-0.072590815114413426,
		-0.90194544504990271,
		-0.42570528269538566,
		0.0,
		-0.22218728919348729,
		0.43072934585557321,
		-0.87470282904520191,
		0.0,
		0.17071407089613153,
		0.26918021883431476,
		0.72765912587041304,
		1.0
	],
	"intrinsic" : 
	{
		"height" : 749,
		"intrinsic_matrix" : 
		[
			648.65302743454458,
			0.0,
			0.0,
			0.0,
			648.65302743454458,
			0.0,
			684.5,
			374.0,
			1.0
		],
		"width" : 1370
	},
	"version_major" : 1,
	"version_minor" : 0
}