{
    "width": 1280,
    "height": 720,
    "intrinsic_matrix": [
        896.2285766601562,
        0,
        0,
        0,
        896.5906982421875,
        0,
        653.6553955078125,
        352.96380615234375,
        1
    ]
}